epoch,train_loss,val_f1,precision,recall,threshold
1,0.0076455716739928905,0.5498140276301806,0.6312819339586669,0.4869698217542208,0.6000000000000002
2,0.0012669146530470243,0.7187068530055565,0.8405009451795841,0.6277428084004941,0.6500000000000001
3,0.0009263386806992457,0.7550097388663299,0.8602919049052061,0.6726866286252132,0.6500000000000001
4,0.0007699136326664302,0.7746095048188767,0.8902299289588267,0.6855697393964351,0.7000000000000002
5,0.0006558631969483031,0.7908668020703662,0.892363421305537,0.7101005941525972,0.7000000000000002
6,0.0005667061096744419,0.7915826065365157,0.8378449408672799,0.750161774222013,0.6500000000000001
